,title,price,links
0,"Lenovo IdeaPad Flex 3i Chromebook
                                Laptop, Intel® UHD Graphics, 15.6” FHD Display, Intel Pentium N6000, 8GB RAM, 128GB SSD,
                                1920x1080 px, Touchscreen, Chrome OS, Abyss Blue  ",$399.99 ,https://amazon.com//sspa/click?ie=UTF8&spc=MToxMjU4NTk4NjI4MjczMjQ5OjE3MjcwMDA4MjY6c3BfYXRmOjMwMDE3MjEyNTE4MjAwMjo6MDo6&url=%2FLenovo-Chromebook-Graphics-1920x1080-Touchscreen%2Fdp%2FB0CWB3QTGF%2Fref%3Dsr_1_1_sspa%3Fcrid%3D2VQO2RIC01X4O%26dib%3DeyJ2IjoiMSJ9.TN_TEIq1oiAucKI29paoQdVN2TEbMC3_tnZasqfWuyTysjfYTKDFWtNqTNB0k9BBhAuQ4_ihkYNEqQ4muw4hv9ZBYepXGms9ruPGyKaljCS7oVQI4299acthFnhD2HBygjVBtRa730gvl6j4JIqIDHsMyYlhRIPelHMgvnpIrECK466nvlnBmQ2VHWbsOh5eNEZ6j669ti2-3KQqbFrR2FvzkGS8c1zOmkO2RyYnOe8.RGIpehvwLtFn_cYQGTadz2uY3S0xPsHevXek6XJUgrc%26dib_tag%3Dse%26keywords%3Dlaptop%26qid%3D1727000826%26sprefix%3Dl%252Caps%252C806%26sr%3D8-1-spons%26sp_csd%3Dd2lkZ2V0TmFtZT1zcF9hdGY%26psc%3D1
1,"Acer Nitro V Gaming Laptop | Intel Core i7-13620H Processor | NVIDIA GeForce RTX 4050 Laptop GPU | 15.6"" FHD IPS 144Hz Display | 16GB DDR5 | 512GB Gen 4 SSD | WiFi 6 | Backlit KB | ANV15-51-73B9  ",$849.99 ,https://amazon.com//i7-13620H-Processor-GeForce-Display-ANV15-51-73B9/dp/B0CMRGBXM9/ref=sr_1_29?crid=2VQO2RIC01X4O&dib=eyJ2IjoiMSJ9.CsJHhBzeAB5WsipPOYy73hNvC7BK3PoVUtN0_yq2Z8gihpJCWo3jUbxskhkBwa-23XVxjBvG9P_aJFFHY8eAnkR9vMsL0ZBQu2PHqpQl125avDykdvqL9Woz85w3e_ejIg-oBnrgIM5Y9RNmPBcLr1slHye1LE2O6lL1p20ETWRwCY-JOBV-kCec0jdQZWNgx3qWYVlHqaGIiLpAZHDE2ktBiurm1wHSLEJ5w2OGUMs.lIg28GF80cJEY2yUp1P8ZAE5Vav0eZW-3c2RdCC1HU0&dib_tag=se&keywords=laptop&qid=1727000843&sprefix=l%2Caps%2C806&sr=8-29
2,"Lenovo IdeaPad Slim 3i - 2024 - Lightweight Laptop - Rapid Charge Boost - 14"" FHD IPS Display - 16GB Memory - 512GB SSD Storage - Intel® Core™ i7-13620H - Arctic Grey  ",$648.83 ,https://amazon.com//Lenovo-IdeaPad-Slim-Lightweight-i7-13620H/dp/B0D5G1J9DV/ref=sr_1_30?crid=2VQO2RIC01X4O&dib=eyJ2IjoiMSJ9.CsJHhBzeAB5WsipPOYy73hNvC7BK3PoVUtN0_yq2Z8gihpJCWo3jUbxskhkBwa-23XVxjBvG9P_aJFFHY8eAnkR9vMsL0ZBQu2PHqpQl125avDykdvqL9Woz85w3e_ejIg-oBnrgIM5Y9RNmPBcLr1slHye1LE2O6lL1p20ETWRwCY-JOBV-kCec0jdQZWNgx3qWYVlHqaGIiLpAZHDE2ktBiurm1wHSLEJ5w2OGUMs.lIg28GF80cJEY2yUp1P8ZAE5Vav0eZW-3c2RdCC1HU0&dib_tag=se&keywords=laptop&qid=1727000843&sprefix=l%2Caps%2C806&sr=8-30
3,"ASUS Zenbook Duo Laptop, Dual 14” OLED 3K 120Hz Touch Display, Intel Evo Certified, Intel Core Ultra 9 185H CPU, Intel Arc Graphics, 32GB RAM, 1TB SSD, Windows 11, Inkwell Gray, UX8406MA-PS99T  ","$1,699.00 ",https://amazon.com//ASUS-Zenbook-Certified-Graphics-UX8406MA-PS99T/dp/B0CRD6PJDF/ref=sr_1_31?crid=2VQO2RIC01X4O&dib=eyJ2IjoiMSJ9.CsJHhBzeAB5WsipPOYy73hNvC7BK3PoVUtN0_yq2Z8gihpJCWo3jUbxskhkBwa-23XVxjBvG9P_aJFFHY8eAnkR9vMsL0ZBQu2PHqpQl125avDykdvqL9Woz85w3e_ejIg-oBnrgIM5Y9RNmPBcLr1slHye1LE2O6lL1p20ETWRwCY-JOBV-kCec0jdQZWNgx3qWYVlHqaGIiLpAZHDE2ktBiurm1wHSLEJ5w2OGUMs.lIg28GF80cJEY2yUp1P8ZAE5Vav0eZW-3c2RdCC1HU0&dib_tag=se&keywords=laptop&qid=1727000843&sprefix=l%2Caps%2C806&sr=8-31
4,"Acer Nitro 16 Gaming Laptop | AMD Ryzen 7 7840HS OctaCore CPU | NVIDIA GeForce RTX 4060 Laptop GPU | 16"" WUXGA 165Hz IPS Display | 16GB DDR5 | 1TB Gen 4 SSD | WiFi 6E | RGB Backlit KB | AN16-41-R4CY  ",2 capacities,https://amazon.com//OctaCore-GeForce-Display-Backlit-AN16-41-R4CY/dp/B0CY3SS4VL/ref=sr_1_32?crid=2VQO2RIC01X4O&dib=eyJ2IjoiMSJ9.CsJHhBzeAB5WsipPOYy73hNvC7BK3PoVUtN0_yq2Z8gihpJCWo3jUbxskhkBwa-23XVxjBvG9P_aJFFHY8eAnkR9vMsL0ZBQu2PHqpQl125avDykdvqL9Woz85w3e_ejIg-oBnrgIM5Y9RNmPBcLr1slHye1LE2O6lL1p20ETWRwCY-JOBV-kCec0jdQZWNgx3qWYVlHqaGIiLpAZHDE2ktBiurm1wHSLEJ5w2OGUMs.lIg28GF80cJEY2yUp1P8ZAE5Vav0eZW-3c2RdCC1HU0&dib_tag=se&keywords=laptop&qid=1727000843&sprefix=l%2Caps%2C806&sr=8-32
5,"HP 15.6"" Portable Laptop (Include 1 Year Microsoft 365), HD Display, Intel Quad-Core N200 Processor, 16GB RAM, 128GB Storage, Wi-Fi 5, Webcam, HDMI, Numeric Keypad, Windows 11 Home, Red  ",4 capacities,https://amazon.com//HP-Portable-Microsoft-Quad-Core-Processor/dp/B0CPGKT77T/ref=sr_1_33?crid=2VQO2RIC01X4O&dib=eyJ2IjoiMSJ9.CsJHhBzeAB5WsipPOYy73hNvC7BK3PoVUtN0_yq2Z8gihpJCWo3jUbxskhkBwa-23XVxjBvG9P_aJFFHY8eAnkR9vMsL0ZBQu2PHqpQl125avDykdvqL9Woz85w3e_ejIg-oBnrgIM5Y9RNmPBcLr1slHye1LE2O6lL1p20ETWRwCY-JOBV-kCec0jdQZWNgx3qWYVlHqaGIiLpAZHDE2ktBiurm1wHSLEJ5w2OGUMs.lIg28GF80cJEY2yUp1P8ZAE5Vav0eZW-3c2RdCC1HU0&dib_tag=se&keywords=laptop&qid=1727000843&sprefix=l%2Caps%2C806&sr=8-33
6,"MSI Thin 15 15.6” 144Hz FHD Gaming Laptop: Intel Core i7-12650H, NVIDIA Geforce RTX 4050, 16GB DDR5, 512GB NVMe SSD, Cooler Boost 5, Win 11: Black B12VE-2023US  ",$881.27 ,https://amazon.com//MSI-Thin-144Hz-Gaming-Laptop/dp/B0CXV8YGLV/ref=sr_1_34?crid=2VQO2RIC01X4O&dib=eyJ2IjoiMSJ9.CsJHhBzeAB5WsipPOYy73hNvC7BK3PoVUtN0_yq2Z8gihpJCWo3jUbxskhkBwa-23XVxjBvG9P_aJFFHY8eAnkR9vMsL0ZBQu2PHqpQl125avDykdvqL9Woz85w3e_ejIg-oBnrgIM5Y9RNmPBcLr1slHye1LE2O6lL1p20ETWRwCY-JOBV-kCec0jdQZWNgx3qWYVlHqaGIiLpAZHDE2ktBiurm1wHSLEJ5w2OGUMs.lIg28GF80cJEY2yUp1P8ZAE5Vav0eZW-3c2RdCC1HU0&dib_tag=se&keywords=laptop&qid=1727000843&sprefix=l%2Caps%2C806&sr=8-34
7,"ASUS Chromebook CM14 Laptop, 14"" HD Anti-Glare Display (1366x768), MediaTek Kompanio 520, 4GB RAM, 64GB eMMC, ChromeOS, Gray, CM1402CM2A-DS44, Gravity Grey  ",$274.56 ,https://amazon.com//ASUS-Chromebook-Anti-Glare-1366x768-CM1402CM2A-DS44/dp/B0CJS1399P/ref=sr_1_5?crid=2VQO2RIC01X4O&dib=eyJ2IjoiMSJ9.TN_TEIq1oiAucKI29paoQdVN2TEbMC3_tnZasqfWuyTysjfYTKDFWtNqTNB0k9BBhAuQ4_ihkYNEqQ4muw4hv9ZBYepXGms9ruPGyKaljCS7oVQI4299acthFnhD2HBygjVBtRa730gvl6j4JIqIDHsMyYlhRIPelHMgvnpIrECK466nvlnBmQ2VHWbsOh5eNEZ6j669ti2-3KQqbFrR2FvzkGS8c1zOmkO2RyYnOe8.RGIpehvwLtFn_cYQGTadz2uY3S0xPsHevXek6XJUgrc&dib_tag=se&keywords=laptop&qid=1727000826&sprefix=l%2Caps%2C806&sr=8-5
8,"HP 17 Laptop, 17.3” HD+ Display, 11th Gen Intel Core i3-1125G4 Processor, 32GB RAM, 1TB SSD, Wi-Fi, HDMI, Webcam, Windows 11 Home, Silver  ",7 capacities,https://amazon.com//HP-Display-i3-1125G4-Processor-Windows/dp/B0C3RNRB8W/ref=sr_1_35_mod_primary_new?crid=2VQO2RIC01X4O&dib=eyJ2IjoiMSJ9.CsJHhBzeAB5WsipPOYy73hNvC7BK3PoVUtN0_yq2Z8gihpJCWo3jUbxskhkBwa-23XVxjBvG9P_aJFFHY8eAnkR9vMsL0ZBQu2PHqpQl125avDykdvqL9Woz85w3e_ejIg-oBnrgIM5Y9RNmPBcLr1slHye1LE2O6lL1p20ETWRwCY-JOBV-kCec0jdQZWNgx3qWYVlHqaGIiLpAZHDE2ktBiurm1wHSLEJ5w2OGUMs.lIg28GF80cJEY2yUp1P8ZAE5Vav0eZW-3c2RdCC1HU0&dib_tag=se&keywords=laptop&qid=1727000843&sbo=RZvfv%2F%2FHxDF%2BO5021pAnSA%3D%3D&sprefix=l%2Caps%2C806&sr=8-35
9,"HP Portable Laptop, Student and Business, 14"" HD Display, Intel Quad-Core N4120, 16GB DDR4 RAM, 64GB eMMC, 1 Year Office 365, Webcam, RJ-45, HDMI, Wi-Fi, Windows 11 Home, Silver  ",3 capacities,https://amazon.com//HP-Portable-Student-Business-Quad-Core/dp/B0CPKS65P5/ref=sr_1_36?crid=2VQO2RIC01X4O&dib=eyJ2IjoiMSJ9.CsJHhBzeAB5WsipPOYy73hNvC7BK3PoVUtN0_yq2Z8gihpJCWo3jUbxskhkBwa-23XVxjBvG9P_aJFFHY8eAnkR9vMsL0ZBQu2PHqpQl125avDykdvqL9Woz85w3e_ejIg-oBnrgIM5Y9RNmPBcLr1slHye1LE2O6lL1p20ETWRwCY-JOBV-kCec0jdQZWNgx3qWYVlHqaGIiLpAZHDE2ktBiurm1wHSLEJ5w2OGUMs.lIg28GF80cJEY2yUp1P8ZAE5Vav0eZW-3c2RdCC1HU0&dib_tag=se&keywords=laptop&qid=1727000843&sprefix=l%2Caps%2C806&sr=8-36
10,"MSI Stealth 18 AI Studio 18” 240Hz QHD+ Gaming Laptop: Intel Ultra 9-185H, NVIDIA Geforce RTX 4080, 32GB DDR5, 1TB NVMe SSD, Cooler Boost 5, Win 11: Black A1VHG-019US  ","$2,665.49 ",https://amazon.com//sspa/click?ie=UTF8&spc=MTo3NjEzNDkyODE1NzM4MDQ2OjE3MjcwMDA4NDM6c3BfYnRmOjMwMDMwMTE3MjIzNjcwMjo6MDo6&url=%2FMSI-Stealth-Studio-Gaming-Laptop%2Fdp%2FB0CTLDY6KT%2Fref%3Dsr_1_37_sspa%3Fcrid%3D2VQO2RIC01X4O%26dib%3DeyJ2IjoiMSJ9.CsJHhBzeAB5WsipPOYy73hNvC7BK3PoVUtN0_yq2Z8gihpJCWo3jUbxskhkBwa-23XVxjBvG9P_aJFFHY8eAnkR9vMsL0ZBQu2PHqpQl125avDykdvqL9Woz85w3e_ejIg-oBnrgIM5Y9RNmPBcLr1slHye1LE2O6lL1p20ETWRwCY-JOBV-kCec0jdQZWNgx3qWYVlHqaGIiLpAZHDE2ktBiurm1wHSLEJ5w2OGUMs.lIg28GF80cJEY2yUp1P8ZAE5Vav0eZW-3c2RdCC1HU0%26dib_tag%3Dse%26keywords%3Dlaptop%26qid%3D1727000843%26sprefix%3Dl%252Caps%252C806%26sr%3D8-37-spons%26sp_csd%3Dd2lkZ2V0TmFtZT1zcF9idGY%26psc%3D1
11,"ASUS Zenbook 15 Laptop, 15.6” FHD Display, AMD Ryzen 5 7535U CPU, AMD Radeon Graphics, 16GB RAM, 512GB SSD, Windows 11 Home, Ponder Blue, UM3504DA-AS54  ",$699.99 ,https://amazon.com//sspa/click?ie=UTF8&spc=MTo3NjEzNDkyODE1NzM4MDQ2OjE3MjcwMDA4NDM6c3BfYnRmOjMwMDI4ODgyMDMyNzMwMjo6MDo6&url=%2FASUS-Zenbook-Display-Graphics-UM3504DA-AS54%2Fdp%2FB0CDM5RF8D%2Fref%3Dsr_1_38_sspa%3Fcrid%3D2VQO2RIC01X4O%26dib%3DeyJ2IjoiMSJ9.CsJHhBzeAB5WsipPOYy73hNvC7BK3PoVUtN0_yq2Z8gihpJCWo3jUbxskhkBwa-23XVxjBvG9P_aJFFHY8eAnkR9vMsL0ZBQu2PHqpQl125avDykdvqL9Woz85w3e_ejIg-oBnrgIM5Y9RNmPBcLr1slHye1LE2O6lL1p20ETWRwCY-JOBV-kCec0jdQZWNgx3qWYVlHqaGIiLpAZHDE2ktBiurm1wHSLEJ5w2OGUMs.lIg28GF80cJEY2yUp1P8ZAE5Vav0eZW-3c2RdCC1HU0%26dib_tag%3Dse%26keywords%3Dlaptop%26qid%3D1727000843%26sprefix%3Dl%252Caps%252C806%26sr%3D8-38-spons%26sp_csd%3Dd2lkZ2V0TmFtZT1zcF9idGY%26psc%3D1
12,"ASUS 15.6” Vivobook Go Laptop, Intel Celeron N4500, 4GB RAM, 128GB SSD, Windows 11 in S Mode, Star Black, L510KA-ES04  ",$221.99 ,https://amazon.com//ASUS-Vivobook-Celeron-Windows-L510KA-ES04/dp/B0CRDCW3Q3/ref=sr_1_6?crid=2VQO2RIC01X4O&dib=eyJ2IjoiMSJ9.TN_TEIq1oiAucKI29paoQdVN2TEbMC3_tnZasqfWuyTysjfYTKDFWtNqTNB0k9BBhAuQ4_ihkYNEqQ4muw4hv9ZBYepXGms9ruPGyKaljCS7oVQI4299acthFnhD2HBygjVBtRa730gvl6j4JIqIDHsMyYlhRIPelHMgvnpIrECK466nvlnBmQ2VHWbsOh5eNEZ6j669ti2-3KQqbFrR2FvzkGS8c1zOmkO2RyYnOe8.RGIpehvwLtFn_cYQGTadz2uY3S0xPsHevXek6XJUgrc&dib_tag=se&keywords=laptop&qid=1727000826&sprefix=l%2Caps%2C806&sr=8-6
13,Boost Mobile | Apple iPhone 16 (128 GB) - White [Locked]. Apple Intelligence. Requires Unlimited Plan.  ,$0.01 ,https://amazon.com//sspa/click?ie=UTF8&spc=MToxMjU4NTk4NjI4MjczMjQ5OjE3MjcwMDA4MjY6c3BfbXRmOjMwMDQxNTI3MDAxMTgwMjo6MDo6&url=%2FBoost-Mobile-Apple-iPhone-Intelligence%2Fdp%2FB0DGLXYYFJ%2Fref%3Dsr_1_7_sspa%3Fcrid%3D2VQO2RIC01X4O%26dib%3DeyJ2IjoiMSJ9.TN_TEIq1oiAucKI29paoQdVN2TEbMC3_tnZasqfWuyTysjfYTKDFWtNqTNB0k9BBhAuQ4_ihkYNEqQ4muw4hv9ZBYepXGms9ruPGyKaljCS7oVQI4299acthFnhD2HBygjVBtRa730gvl6j4JIqIDHsMyYlhRIPelHMgvnpIrECK466nvlnBmQ2VHWbsOh5eNEZ6j669ti2-3KQqbFrR2FvzkGS8c1zOmkO2RyYnOe8.RGIpehvwLtFn_cYQGTadz2uY3S0xPsHevXek6XJUgrc%26dib_tag%3Dse%26keywords%3Dlaptop%26qid%3D1727000826%26sprefix%3Dl%252Caps%252C806%26sr%3D8-7-spons%26sp_csd%3Dd2lkZ2V0TmFtZT1zcF9tdGY%26psc%3D1
14,"Dell Inspiron 15 3000 3520 Business Laptop Computer[Windows 11 Pro], 15.6'' FHD Touchscreen, 11th Gen Intel Quad-Core i5-1135G7, 16GB RAM, 1TB PCIe SSD, Numeric Keypad, Wi-Fi, Webcam, HDMI, Black  ",$492.99 ,https://amazon.com//Dell-Laptop-Touchscreen-Quad-Core-i5-1135G7/dp/B0CC936WF1/ref=sr_1_8?crid=2VQO2RIC01X4O&dib=eyJ2IjoiMSJ9.TN_TEIq1oiAucKI29paoQdVN2TEbMC3_tnZasqfWuyTysjfYTKDFWtNqTNB0k9BBhAuQ4_ihkYNEqQ4muw4hv9ZBYepXGms9ruPGyKaljCS7oVQI4299acthFnhD2HBygjVBtRa730gvl6j4JIqIDHsMyYlhRIPelHMgvnpIrECK466nvlnBmQ2VHWbsOh5eNEZ6j669ti2-3KQqbFrR2FvzkGS8c1zOmkO2RyYnOe8.RGIpehvwLtFn_cYQGTadz2uY3S0xPsHevXek6XJUgrc&dib_tag=se&keywords=laptop&qid=1727000826&sprefix=l%2Caps%2C806&sr=8-8
15,"Lenovo IdeaPad 1 Laptop, 15.6” FHD Display, AMD Ryzen 5 5500U, 8GB RAM, 512GB SSD, Windows 11 Home, 720p Camera w/Privacy Shutter, Smart Noise Cancelling, Cloud Grey  ",$304.99 ,https://amazon.com//Lenovo-IdeaPad-Ryzen5-5500U-1920x1080-Storage/dp/B0CJB5N9BQ/ref=sr_1_9?crid=2VQO2RIC01X4O&dib=eyJ2IjoiMSJ9.TN_TEIq1oiAucKI29paoQdVN2TEbMC3_tnZasqfWuyTysjfYTKDFWtNqTNB0k9BBhAuQ4_ihkYNEqQ4muw4hv9ZBYepXGms9ruPGyKaljCS7oVQI4299acthFnhD2HBygjVBtRa730gvl6j4JIqIDHsMyYlhRIPelHMgvnpIrECK466nvlnBmQ2VHWbsOh5eNEZ6j669ti2-3KQqbFrR2FvzkGS8c1zOmkO2RyYnOe8.RGIpehvwLtFn_cYQGTadz2uY3S0xPsHevXek6XJUgrc&dib_tag=se&keywords=laptop&qid=1727000826&sprefix=l%2Caps%2C806&sr=8-9
16,"Acer Aspire 5 15 Slim Laptop | 15.6"" FHD 1920x1080 IPS Touch | Intel Core i5-13420H | Intel UHD Graphics | 16GB LPDDR5 | 512GB Gen 4 SSD | Wi-Fi 6 | Backlit KB | Protective Sleeve| A515-58PT-50UJ  ",$449.99 ,https://amazon.com//1920x1080-i5-13420H-Graphics-Protective-A515-58PT-50UJ/dp/B0CV62R75W/ref=sr_1_10?crid=2VQO2RIC01X4O&dib=eyJ2IjoiMSJ9.TN_TEIq1oiAucKI29paoQdVN2TEbMC3_tnZasqfWuyTysjfYTKDFWtNqTNB0k9BBhAuQ4_ihkYNEqQ4muw4hv9ZBYepXGms9ruPGyKaljCS7oVQI4299acthFnhD2HBygjVBtRa730gvl6j4JIqIDHsMyYlhRIPelHMgvnpIrECK466nvlnBmQ2VHWbsOh5eNEZ6j669ti2-3KQqbFrR2FvzkGS8c1zOmkO2RyYnOe8.RGIpehvwLtFn_cYQGTadz2uY3S0xPsHevXek6XJUgrc&dib_tag=se&keywords=laptop&qid=1727000826&sprefix=l%2Caps%2C806&sr=8-10
17,"SAMSUNG 14"" Galaxy Book4 Pro Laptop PC Computer, Intel Core 7 Ultra Processor 512GB, 3K AMOLED (2880 x 1800) Touchscreen, Advanced Security, 2024 Model, NP940XGK-KG1US, Moonstone Gray  ","$1,149.99 ",https://amazon.com//sspa/click?ie=UTF8&spc=MToxMjU4NTk4NjI4MjczMjQ5OjE3MjcwMDA4MjY6c3BfYXRmOjMwMDE0MjA0MjcxNjUwMjo6MDo6&url=%2FSAMSUNG-Processor-Touchscreen-NP940XGK-KG1US-Moonstone%2Fdp%2FB0CQ3RRS23%2Fref%3Dsr_1_2_sspa%3Fcrid%3D2VQO2RIC01X4O%26dib%3DeyJ2IjoiMSJ9.TN_TEIq1oiAucKI29paoQdVN2TEbMC3_tnZasqfWuyTysjfYTKDFWtNqTNB0k9BBhAuQ4_ihkYNEqQ4muw4hv9ZBYepXGms9ruPGyKaljCS7oVQI4299acthFnhD2HBygjVBtRa730gvl6j4JIqIDHsMyYlhRIPelHMgvnpIrECK466nvlnBmQ2VHWbsOh5eNEZ6j669ti2-3KQqbFrR2FvzkGS8c1zOmkO2RyYnOe8.RGIpehvwLtFn_cYQGTadz2uY3S0xPsHevXek6XJUgrc%26dib_tag%3Dse%26keywords%3Dlaptop%26qid%3D1727000826%26sprefix%3Dl%252Caps%252C806%26sr%3D8-2-spons%26sp_csd%3Dd2lkZ2V0TmFtZT1zcF9hdGY%26psc%3D1
18,"Acer Aspire 3 A315-24P-R7VH Slim Laptop | 15.6"" Full HD IPS Display | AMD Ryzen 3 7320U Quad-Core Processor | AMD Radeon Graphics | 8GB LPDDR5 | 128GB NVMe SSD | Wi-Fi 6 | Windows 11 Home in S Mode  ",3 capacities,https://amazon.com//A315-24P-R7VH-Display-Quad-Core-Processor-Graphics/dp/B0BS4BP8FB/ref=sr_1_11?crid=2VQO2RIC01X4O&dib=eyJ2IjoiMSJ9.TN_TEIq1oiAucKI29paoQdVN2TEbMC3_tnZasqfWuyTysjfYTKDFWtNqTNB0k9BBhAuQ4_ihkYNEqQ4muw4hv9ZBYepXGms9ruPGyKaljCS7oVQI4299acthFnhD2HBygjVBtRa730gvl6j4JIqIDHsMyYlhRIPelHMgvnpIrECK466nvlnBmQ2VHWbsOh5eNEZ6j669ti2-3KQqbFrR2FvzkGS8c1zOmkO2RyYnOe8.RGIpehvwLtFn_cYQGTadz2uY3S0xPsHevXek6XJUgrc&dib_tag=se&keywords=laptop&qid=1727000826&sprefix=l%2Caps%2C806&sr=8-11
19,Boost Mobile | Apple iPhone 16 Pro (128 GB) - Desert Titanium [Locked]. Apple Intelligence. Requires Unlimited Plan.  ,$0.01 ,https://amazon.com//sspa/click?ie=UTF8&spc=MToxMjU4NTk4NjI4MjczMjQ5OjE3MjcwMDA4MjY6c3BfbXRmOjMwMDQxNTI3MDAxNTIwMjo6MDo6&url=%2FBoost-Mobile-Apple-iPhone-Intelligence%2Fdp%2FB0DGLZL57G%2Fref%3Dsr_1_12_sspa%3Fcrid%3D2VQO2RIC01X4O%26dib%3DeyJ2IjoiMSJ9.TN_TEIq1oiAucKI29paoQdVN2TEbMC3_tnZasqfWuyTysjfYTKDFWtNqTNB0k9BBhAuQ4_ihkYNEqQ4muw4hv9ZBYepXGms9ruPGyKaljCS7oVQI4299acthFnhD2HBygjVBtRa730gvl6j4JIqIDHsMyYlhRIPelHMgvnpIrECK466nvlnBmQ2VHWbsOh5eNEZ6j669ti2-3KQqbFrR2FvzkGS8c1zOmkO2RyYnOe8.RGIpehvwLtFn_cYQGTadz2uY3S0xPsHevXek6XJUgrc%26dib_tag%3Dse%26keywords%3Dlaptop%26qid%3D1727000826%26sprefix%3Dl%252Caps%252C806%26sr%3D8-12-spons%26sp_csd%3Dd2lkZ2V0TmFtZT1zcF9tdGY%26psc%3D1
20,"Acer Nitro V Gaming Laptop | Intel Core i5-13420H Processor | NVIDIA GeForce RTX 4050 Laptop GPU | 15.6"" FHD IPS 144Hz Display | 8GB DDR5 | 512GB Gen 4 SSD | WiFi 6 | Backlit KB | ANV15-51-51H9  ",$757.63 ,https://amazon.com//i5-13420H-Processor-GeForce-Display-ANV15-51-51H9/dp/B0CP8D4SM2/ref=sr_1_13?crid=2VQO2RIC01X4O&dib=eyJ2IjoiMSJ9.TN_TEIq1oiAucKI29paoQdVN2TEbMC3_tnZasqfWuyTysjfYTKDFWtNqTNB0k9BBhAuQ4_ihkYNEqQ4muw4hv9ZBYepXGms9ruPGyKaljCS7oVQI4299acthFnhD2HBygjVBtRa730gvl6j4JIqIDHsMyYlhRIPelHMgvnpIrECK466nvlnBmQ2VHWbsOh5eNEZ6j669ti2-3KQqbFrR2FvzkGS8c1zOmkO2RyYnOe8.RGIpehvwLtFn_cYQGTadz2uY3S0xPsHevXek6XJUgrc&dib_tag=se&keywords=laptop&qid=1727000826&sprefix=l%2Caps%2C806&sr=8-13
21,"Lenovo Newest Flagship Chromebook, 14'' FHD Touchscreen Slim Thin Light Laptop Computer, 8-Core MediaTek Kompanio 520 Processor, 4GB RAM, 64GB eMMC, WiFi 6,Chrome OS+HubxcelAccesory, Abyss Blue  ",$209.88 ,https://amazon.com//Lenovo-Newest-Flagship-Chromebook-HubxcelAccesory/dp/B0CBJ46QZX/ref=sr_1_14?crid=2VQO2RIC01X4O&dib=eyJ2IjoiMSJ9.TN_TEIq1oiAucKI29paoQdVN2TEbMC3_tnZasqfWuyTysjfYTKDFWtNqTNB0k9BBhAuQ4_ihkYNEqQ4muw4hv9ZBYepXGms9ruPGyKaljCS7oVQI4299acthFnhD2HBygjVBtRa730gvl6j4JIqIDHsMyYlhRIPelHMgvnpIrECK466nvlnBmQ2VHWbsOh5eNEZ6j669ti2-3KQqbFrR2FvzkGS8c1zOmkO2RyYnOe8.RGIpehvwLtFn_cYQGTadz2uY3S0xPsHevXek6XJUgrc&dib_tag=se&keywords=laptop&qid=1727000826&sprefix=l%2Caps%2C806&sr=8-14
22,"MSI Katana A17 AI 17.3” 240Hz QHD Gaming Laptop: Ryzen 9-8945HS, NVIDIA Geforce RTX 4070, 64GB DDR5, 2TB NVMe SSD, Cooler Boost 5, Win 11: Black B8VG-879US  ","$1,699.99 ",https://amazon.com//MSI-Katana-240Hz-Gaming-Laptop/dp/B0CZPP4PJX/ref=sr_1_15?crid=2VQO2RIC01X4O&dib=eyJ2IjoiMSJ9.TN_TEIq1oiAucKI29paoQdVN2TEbMC3_tnZasqfWuyTysjfYTKDFWtNqTNB0k9BBhAuQ4_ihkYNEqQ4muw4hv9ZBYepXGms9ruPGyKaljCS7oVQI4299acthFnhD2HBygjVBtRa730gvl6j4JIqIDHsMyYlhRIPelHMgvnpIrECK466nvlnBmQ2VHWbsOh5eNEZ6j669ti2-3KQqbFrR2FvzkGS8c1zOmkO2RyYnOe8.RGIpehvwLtFn_cYQGTadz2uY3S0xPsHevXek6XJUgrc&dib_tag=se&keywords=laptop&qid=1727000826&sprefix=l%2Caps%2C806&sr=8-15
23,"HP Notebook Laptop, 15.6"" HD Touchscreen, Intel Core i3-1115G4 Processor, 32GB RAM, 1TB PCIe SSD, Webcam, Type-C, HDMI, SD Card Reader, Wi-Fi, Windows 11 Home, Silver  ",9 capacities,https://amazon.com//HP-Notebook-Touchscreen-i3-1115G4-Processor/dp/B0BZ8X9HGT/ref=sr_1_16?crid=2VQO2RIC01X4O&dib=eyJ2IjoiMSJ9.TN_TEIq1oiAucKI29paoQdVN2TEbMC3_tnZasqfWuyTysjfYTKDFWtNqTNB0k9BBhAuQ4_ihkYNEqQ4muw4hv9ZBYepXGms9ruPGyKaljCS7oVQI4299acthFnhD2HBygjVBtRa730gvl6j4JIqIDHsMyYlhRIPelHMgvnpIrECK466nvlnBmQ2VHWbsOh5eNEZ6j669ti2-3KQqbFrR2FvzkGS8c1zOmkO2RyYnOe8.RGIpehvwLtFn_cYQGTadz2uY3S0xPsHevXek6XJUgrc&dib_tag=se&keywords=laptop&qid=1727000826&sprefix=l%2Caps%2C806&sr=8-16
24,"SAMSUNG 16"" Galaxy Book4 Pro Laptop PC Computer, Intel Core 7 Ultra Processor 1TB, 3K AMOLED (2880 x 1800) Touchscreen, Advanced Security, 2024 Model, NP960XGK-KG1US, Moonstone Gray  ",2 capacities,https://amazon.com//sspa/click?ie=UTF8&spc=MToxMjU4NTk4NjI4MjczMjQ5OjE3MjcwMDA4MjY6c3BfbXRmOjMwMDE0MjA0MjcxNjQwMjo6MDo6&url=%2FSAMSUNG-Processor-Touchscreen-NP960XGK-KG1US-Moonstone%2Fdp%2FB0CQ3VXJ3J%2Fref%3Dsr_1_17_sspa%3Fcrid%3D2VQO2RIC01X4O%26dib%3DeyJ2IjoiMSJ9.TN_TEIq1oiAucKI29paoQdVN2TEbMC3_tnZasqfWuyTysjfYTKDFWtNqTNB0k9BBhAuQ4_ihkYNEqQ4muw4hv9ZBYepXGms9ruPGyKaljCS7oVQI4299acthFnhD2HBygjVBtRa730gvl6j4JIqIDHsMyYlhRIPelHMgvnpIrECK466nvlnBmQ2VHWbsOh5eNEZ6j669ti2-3KQqbFrR2FvzkGS8c1zOmkO2RyYnOe8.RGIpehvwLtFn_cYQGTadz2uY3S0xPsHevXek6XJUgrc%26dib_tag%3Dse%26keywords%3Dlaptop%26qid%3D1727000826%26sprefix%3Dl%252Caps%252C806%26sr%3D8-17-spons%26sp_csd%3Dd2lkZ2V0TmFtZT1zcF9tdGY%26psc%3D1
25,"ASUS Vivobook 15.6” FHD Laptop, AMD Ryzen 3 3250U, 8GB RAM, 128GB SSD, Windows 11 Home, Transparent Silver, M515DA-WS33  ",$319.26 ,https://amazon.com//ASUS-Vivobook-Windows-Transparent-M515DA-WS33/dp/B0CRDCFNHW/ref=sr_1_18?crid=2VQO2RIC01X4O&dib=eyJ2IjoiMSJ9.TN_TEIq1oiAucKI29paoQdVN2TEbMC3_tnZasqfWuyTysjfYTKDFWtNqTNB0k9BBhAuQ4_ihkYNEqQ4muw4hv9ZBYepXGms9ruPGyKaljCS7oVQI4299acthFnhD2HBygjVBtRa730gvl6j4JIqIDHsMyYlhRIPelHMgvnpIrECK466nvlnBmQ2VHWbsOh5eNEZ6j669ti2-3KQqbFrR2FvzkGS8c1zOmkO2RyYnOe8.RGIpehvwLtFn_cYQGTadz2uY3S0xPsHevXek6XJUgrc&dib_tag=se&keywords=laptop&qid=1727000826&sprefix=l%2Caps%2C806&sr=8-18
26,"ASUS TUF Gaming A15 (2024) Gaming Laptop, 15.6” FHD 144Hz Display, NVIDIA® GeForce RTX™ 3050, AMD Ryzen™ 5 7535HS, 8GB DDR5, 512GB PCIe® Gen4 NVMe™ SSD, Wi-Fi 6, Windows 11, FA506NC-ES51  ",$761.13 ,https://amazon.com//ASUS-Display-NVIDIA%C2%AE-GeForce-FA506NC-ES51/dp/B0CRDB8G1G/ref=sr_1_19?crid=2VQO2RIC01X4O&dib=eyJ2IjoiMSJ9.TN_TEIq1oiAucKI29paoQdVN2TEbMC3_tnZasqfWuyTysjfYTKDFWtNqTNB0k9BBhAuQ4_ihkYNEqQ4muw4hv9ZBYepXGms9ruPGyKaljCS7oVQI4299acthFnhD2HBygjVBtRa730gvl6j4JIqIDHsMyYlhRIPelHMgvnpIrECK466nvlnBmQ2VHWbsOh5eNEZ6j669ti2-3KQqbFrR2FvzkGS8c1zOmkO2RyYnOe8.RGIpehvwLtFn_cYQGTadz2uY3S0xPsHevXek6XJUgrc&dib_tag=se&keywords=laptop&qid=1727000826&sprefix=l%2Caps%2C806&sr=8-19
27,"ASUS Vivobook 16” WUXGA Laptop, Intel Core i5-1235U, Intel Iris Xe Graphics, 16GB Memory, 512GB SSD, Cool Silver, F1605ZA-AS56  ",2 capacities,https://amazon.com//ASUS-Vivobook-i5-1235U-Graphics-F1605ZA-AS56/dp/B0CWJ642YM/ref=sr_1_20?crid=2VQO2RIC01X4O&dib=eyJ2IjoiMSJ9.TN_TEIq1oiAucKI29paoQdVN2TEbMC3_tnZasqfWuyTysjfYTKDFWtNqTNB0k9BBhAuQ4_ihkYNEqQ4muw4hv9ZBYepXGms9ruPGyKaljCS7oVQI4299acthFnhD2HBygjVBtRa730gvl6j4JIqIDHsMyYlhRIPelHMgvnpIrECK466nvlnBmQ2VHWbsOh5eNEZ6j669ti2-3KQqbFrR2FvzkGS8c1zOmkO2RyYnOe8.RGIpehvwLtFn_cYQGTadz2uY3S0xPsHevXek6XJUgrc&dib_tag=se&keywords=laptop&qid=1727000826&sprefix=l%2Caps%2C806&sr=8-20
28,"HP 14 Laptop, Intel Celeron N4020, 4 GB RAM, 64 GB Storage, 14-inch Micro-edge HD Display, Windows 11 Home, Thin & Portable, 4K Graphics, One Year of Microsoft 365 (14-dq0040nr, Snowflake White)  ",$179.54 ,https://amazon.com//HP-Micro-edge-Microsoft-14-dq0040nr-Snowflake/dp/B0947BJ67M/ref=sr_1_3?crid=2VQO2RIC01X4O&dib=eyJ2IjoiMSJ9.TN_TEIq1oiAucKI29paoQdVN2TEbMC3_tnZasqfWuyTysjfYTKDFWtNqTNB0k9BBhAuQ4_ihkYNEqQ4muw4hv9ZBYepXGms9ruPGyKaljCS7oVQI4299acthFnhD2HBygjVBtRa730gvl6j4JIqIDHsMyYlhRIPelHMgvnpIrECK466nvlnBmQ2VHWbsOh5eNEZ6j669ti2-3KQqbFrR2FvzkGS8c1zOmkO2RyYnOe8.RGIpehvwLtFn_cYQGTadz2uY3S0xPsHevXek6XJUgrc&dib_tag=se&keywords=laptop&qid=1727000826&sprefix=l%2Caps%2C806&sr=8-3
29,"MSI Creator M14 14” 2.8K Display Creator Laptop: Intel Core i7-13620H, NVIDIA Geforce RTX 4050, 16GB DDR5, 1TB NVMe SSD, Cooler Boost, Win 11: Black A13VE-083US  ","$1,199.99 ",https://amazon.com//sspa/click?ie=UTF8&spc=MToxMjU4NTk4NjI4MjczMjQ5OjE3MjcwMDA4MjY6c3BfYnRmOjMwMDMwMTE4ODI5MDcwMjo6MDo6&url=%2FMSI-Creator-2-8K-Display-Laptop%2Fdp%2FB0CXYT13W7%2Fref%3Dsr_1_22_sspa%3Fcrid%3D2VQO2RIC01X4O%26dib%3DeyJ2IjoiMSJ9.TN_TEIq1oiAucKI29paoQdVN2TEbMC3_tnZasqfWuyTysjfYTKDFWtNqTNB0k9BBhAuQ4_ihkYNEqQ4muw4hv9ZBYepXGms9ruPGyKaljCS7oVQI4299acthFnhD2HBygjVBtRa730gvl6j4JIqIDHsMyYlhRIPelHMgvnpIrECK466nvlnBmQ2VHWbsOh5eNEZ6j669ti2-3KQqbFrR2FvzkGS8c1zOmkO2RyYnOe8.RGIpehvwLtFn_cYQGTadz2uY3S0xPsHevXek6XJUgrc%26dib_tag%3Dse%26keywords%3Dlaptop%26qid%3D1727000826%26sprefix%3Dl%252Caps%252C806%26sr%3D8-22-spons%26sp_csd%3Dd2lkZ2V0TmFtZT1zcF9idGY%26psc%3D1
30,Boost Mobile | Apple iPhone 16 (128 GB) - Ultramarine [Locked]. Apple Intelligence. Requires Unlimited Plan.  ,$0.01 ,https://amazon.com//sspa/click?ie=UTF8&spc=MTo3NjEzNDkyODE1NzM4MDQ2OjE3MjcwMDA4NDM6c3BfYXRmX25leHQ6MzAwNDE1MjcwMDExNjAyOjowOjo&url=%2FBoost-Mobile-Apple-iPhone-Intelligence%2Fdp%2FB0DGLXW4X4%2Fref%3Dsr_1_17_sspa%3Fcrid%3D2VQO2RIC01X4O%26dib%3DeyJ2IjoiMSJ9.CsJHhBzeAB5WsipPOYy73hNvC7BK3PoVUtN0_yq2Z8gihpJCWo3jUbxskhkBwa-23XVxjBvG9P_aJFFHY8eAnkR9vMsL0ZBQu2PHqpQl125avDykdvqL9Woz85w3e_ejIg-oBnrgIM5Y9RNmPBcLr1slHye1LE2O6lL1p20ETWRwCY-JOBV-kCec0jdQZWNgx3qWYVlHqaGIiLpAZHDE2ktBiurm1wHSLEJ5w2OGUMs.lIg28GF80cJEY2yUp1P8ZAE5Vav0eZW-3c2RdCC1HU0%26dib_tag%3Dse%26keywords%3Dlaptop%26qid%3D1727000843%26sprefix%3Dl%252Caps%252C806%26sr%3D8-17-spons%26sp_csd%3Dd2lkZ2V0TmFtZT1zcF9hdGZfbmV4dA%26psc%3D1
31,"MSI Creator M16 HX 16” 240Hz QHD+ Creator Laptop: Intel Core i9-14900HX, NVIDIA Geforce RTX 4070, 32GB DDR5, 2TB NVMe SSD, Cooler Boost 5, Win 11: Black C14VGG-291US  ","$1,999.99 ",https://amazon.com//sspa/click?ie=UTF8&spc=MTo3NjEzNDkyODE1NzM4MDQ2OjE3MjcwMDA4NDM6c3BfYXRmX25leHQ6MzAwMzAxMTcyMjM2ODAyOjowOjo&url=%2FMSI-Creator-M16-240Hz-Laptop%2Fdp%2FB0CXYM7TT6%2Fref%3Dsr_1_18_sspa%3Fcrid%3D2VQO2RIC01X4O%26dib%3DeyJ2IjoiMSJ9.CsJHhBzeAB5WsipPOYy73hNvC7BK3PoVUtN0_yq2Z8gihpJCWo3jUbxskhkBwa-23XVxjBvG9P_aJFFHY8eAnkR9vMsL0ZBQu2PHqpQl125avDykdvqL9Woz85w3e_ejIg-oBnrgIM5Y9RNmPBcLr1slHye1LE2O6lL1p20ETWRwCY-JOBV-kCec0jdQZWNgx3qWYVlHqaGIiLpAZHDE2ktBiurm1wHSLEJ5w2OGUMs.lIg28GF80cJEY2yUp1P8ZAE5Vav0eZW-3c2RdCC1HU0%26dib_tag%3Dse%26keywords%3Dlaptop%26qid%3D1727000843%26sprefix%3Dl%252Caps%252C806%26sr%3D8-18-spons%26sp_csd%3Dd2lkZ2V0TmFtZT1zcF9hdGZfbmV4dA%26psc%3D1
32,"ASUS ROG Strix G16 (2024) Gaming Laptop, 16” 16:10 FHD 165Hz Display, NVIDIA® GeForce RTX™ 4060, Intel Core i7-13650HX, 16GB DDR5, 1TB PCIe Gen4 SSD, Wi-Fi 6E, Windows 11, G614JV-AS74  ","$1,280.19 ",https://amazon.com//ASUS-ROG-Strix-Gaming-Laptop/dp/B0CRDCXRK2/ref=sr_1_20?crid=2VQO2RIC01X4O&dib=eyJ2IjoiMSJ9.CsJHhBzeAB5WsipPOYy73hNvC7BK3PoVUtN0_yq2Z8gihpJCWo3jUbxskhkBwa-23XVxjBvG9P_aJFFHY8eAnkR9vMsL0ZBQu2PHqpQl125avDykdvqL9Woz85w3e_ejIg-oBnrgIM5Y9RNmPBcLr1slHye1LE2O6lL1p20ETWRwCY-JOBV-kCec0jdQZWNgx3qWYVlHqaGIiLpAZHDE2ktBiurm1wHSLEJ5w2OGUMs.lIg28GF80cJEY2yUp1P8ZAE5Vav0eZW-3c2RdCC1HU0&dib_tag=se&keywords=laptop&qid=1727000843&sprefix=l%2Caps%2C806&sr=8-20
33,"Dell Inspiron 3511 Laptop, 15.6"" Full HD Touchscreen, Intel Core i5-1135G7 (Beats Intel i7-1065G7), 32GB DDR4 RAM, 1TB PCIe SSD, SD Card Reader, HDMI, Wi-Fi, Windows 11 Home, Black  ",$501.60 ,https://amazon.com//Dell-3511-Touchscreen-i5-1135G7-i7-1065G7/dp/B0BRT67MWZ/ref=sr_1_21?crid=2VQO2RIC01X4O&dib=eyJ2IjoiMSJ9.CsJHhBzeAB5WsipPOYy73hNvC7BK3PoVUtN0_yq2Z8gihpJCWo3jUbxskhkBwa-23XVxjBvG9P_aJFFHY8eAnkR9vMsL0ZBQu2PHqpQl125avDykdvqL9Woz85w3e_ejIg-oBnrgIM5Y9RNmPBcLr1slHye1LE2O6lL1p20ETWRwCY-JOBV-kCec0jdQZWNgx3qWYVlHqaGIiLpAZHDE2ktBiurm1wHSLEJ5w2OGUMs.lIg28GF80cJEY2yUp1P8ZAE5Vav0eZW-3c2RdCC1HU0&dib_tag=se&keywords=laptop&qid=1727000843&sprefix=l%2Caps%2C806&sr=8-21
34,"ASUS VivoBook 16 Laptop, 16” WUXGA (1920 x 1200) 16:10Display, AMD Ryzen 7 7730U CPU, AMD Radeon™ Graphics, 8GB RAM, 1TB SSD, Fingerprint Sensor, Windows 11 Home, Indie Black, M1605YA-ES74  ",$499.99 ,https://amazon.com//ASUS-VivoBook-Laptop-WUXGA-1920/dp/B0BT6NKLQR/ref=sr_1_23?crid=2VQO2RIC01X4O&dib=eyJ2IjoiMSJ9.CsJHhBzeAB5WsipPOYy73hNvC7BK3PoVUtN0_yq2Z8gihpJCWo3jUbxskhkBwa-23XVxjBvG9P_aJFFHY8eAnkR9vMsL0ZBQu2PHqpQl125avDykdvqL9Woz85w3e_ejIg-oBnrgIM5Y9RNmPBcLr1slHye1LE2O6lL1p20ETWRwCY-JOBV-kCec0jdQZWNgx3qWYVlHqaGIiLpAZHDE2ktBiurm1wHSLEJ5w2OGUMs.lIg28GF80cJEY2yUp1P8ZAE5Vav0eZW-3c2RdCC1HU0&dib_tag=se&keywords=laptop&qid=1727000843&sprefix=l%2Caps%2C806&sr=8-23
35,"HP 2023 Newest 17 Laptop, 17.3"" HD+ Touchscreen Display, AMD Ryzen 5 7530U Processor (Beats i7-1165G7), 32GB RAM, 1TB SSD, Wi-Fi 6, HDMI, Backlit KB, Webcam, Windows 11 Home, Silver, KKE Accessories  ",6 capacities,https://amazon.com//HP-Touchscreen-Processor-i7-1165G7-Accessories/dp/B0C9DZM17Y/ref=sr_1_24?crid=2VQO2RIC01X4O&dib=eyJ2IjoiMSJ9.CsJHhBzeAB5WsipPOYy73hNvC7BK3PoVUtN0_yq2Z8gihpJCWo3jUbxskhkBwa-23XVxjBvG9P_aJFFHY8eAnkR9vMsL0ZBQu2PHqpQl125avDykdvqL9Woz85w3e_ejIg-oBnrgIM5Y9RNmPBcLr1slHye1LE2O6lL1p20ETWRwCY-JOBV-kCec0jdQZWNgx3qWYVlHqaGIiLpAZHDE2ktBiurm1wHSLEJ5w2OGUMs.lIg28GF80cJEY2yUp1P8ZAE5Vav0eZW-3c2RdCC1HU0&dib_tag=se&keywords=laptop&qid=1727000843&sprefix=l%2Caps%2C806&sr=8-24
36,"HP Newest 255 G10 Laptop for Home or Work, 16GB RAM, 1TB SSD, 15.6"" Full HD, Ryzen 3 7330U (Beat Intel i5-1135G7), Ethernet Port, HDMI, USB-C, Windows 11 Pro, Business and Fun Ready (2024)  ",5 capacities,https://amazon.com//HP-255-i5-1135G7-Ethernet-Business/dp/B0DCSYTVDD/ref=sr_1_4?crid=2VQO2RIC01X4O&dib=eyJ2IjoiMSJ9.TN_TEIq1oiAucKI29paoQdVN2TEbMC3_tnZasqfWuyTysjfYTKDFWtNqTNB0k9BBhAuQ4_ihkYNEqQ4muw4hv9ZBYepXGms9ruPGyKaljCS7oVQI4299acthFnhD2HBygjVBtRa730gvl6j4JIqIDHsMyYlhRIPelHMgvnpIrECK466nvlnBmQ2VHWbsOh5eNEZ6j669ti2-3KQqbFrR2FvzkGS8c1zOmkO2RyYnOe8.RGIpehvwLtFn_cYQGTadz2uY3S0xPsHevXek6XJUgrc&dib_tag=se&keywords=laptop&qid=1727000826&sprefix=l%2Caps%2C806&sr=8-4
37,"SAMSUNG Chromebook Plus V2 360 2-in-1 Laptop w/Dual Webcam (12.2"" FHD+ Touchscreen,Intel Celeron 3965Y, 4GB RAM, 128GB (64GB eMMC+64GB SD Card), Stylus Pen) Home & Education, IST SDCard, Chrome OS  ",2 capacities,https://amazon.com//SAMSUNG-Chromebook-Plus-Touchscreen-Education/dp/B0DB5RQ3LR/ref=sr_1_25?crid=2VQO2RIC01X4O&dib=eyJ2IjoiMSJ9.CsJHhBzeAB5WsipPOYy73hNvC7BK3PoVUtN0_yq2Z8gihpJCWo3jUbxskhkBwa-23XVxjBvG9P_aJFFHY8eAnkR9vMsL0ZBQu2PHqpQl125avDykdvqL9Woz85w3e_ejIg-oBnrgIM5Y9RNmPBcLr1slHye1LE2O6lL1p20ETWRwCY-JOBV-kCec0jdQZWNgx3qWYVlHqaGIiLpAZHDE2ktBiurm1wHSLEJ5w2OGUMs.lIg28GF80cJEY2yUp1P8ZAE5Vav0eZW-3c2RdCC1HU0&dib_tag=se&keywords=laptop&qid=1727000843&sprefix=l%2Caps%2C806&sr=8-25
38,"Acer Nitro 16 Gaming Laptop | AMD Ryzen 7 7840HS OctaCore CPU | NVIDIA GeForce RTX 4060 Laptop GPU | 16"" WUXGA 165Hz IPS Display | 16GB DDR5 | 1TB Gen 4 SSD | WiFi 6E | RGB Backlit KB | AN16-41-R4CY  ",2 capacities,https://amazon.com//sspa/click?ie=UTF8&spc=MTo3NjEzNDkyODE1NzM4MDQ2OjE3MjcwMDA4NDM6c3BfbXRmOjMwMDM4MTE1MjAxNTEwMjo6MDo6&url=%2FOctaCore-GeForce-Display-Backlit-AN16-41-R4CY%2Fdp%2FB0CY3SS4VL%2Fref%3Dsr_1_27_sspa%3Fcrid%3D2VQO2RIC01X4O%26dib%3DeyJ2IjoiMSJ9.CsJHhBzeAB5WsipPOYy73hNvC7BK3PoVUtN0_yq2Z8gihpJCWo3jUbxskhkBwa-23XVxjBvG9P_aJFFHY8eAnkR9vMsL0ZBQu2PHqpQl125avDykdvqL9Woz85w3e_ejIg-oBnrgIM5Y9RNmPBcLr1slHye1LE2O6lL1p20ETWRwCY-JOBV-kCec0jdQZWNgx3qWYVlHqaGIiLpAZHDE2ktBiurm1wHSLEJ5w2OGUMs.lIg28GF80cJEY2yUp1P8ZAE5Vav0eZW-3c2RdCC1HU0%26dib_tag%3Dse%26keywords%3Dlaptop%26qid%3D1727000843%26sprefix%3Dl%252Caps%252C806%26sr%3D8-27-spons%26sp_csd%3Dd2lkZ2V0TmFtZT1zcF9tdGY%26psc%3D1
39,"ASUS Vivobook Go 15.6” Laptop, AMD Ryzen 5 7520U, 8GB, 512GB, Windows 11 Home, Cool Silver, E1504FA-AS54  ",$379.00 ,https://amazon.com//sspa/click?ie=UTF8&spc=MTo3NjEzNDkyODE1NzM4MDQ2OjE3MjcwMDA4NDM6c3BfbXRmOjMwMDI3MjQyNjYxMjAwMjo6MDo6&url=%2FASUS-Vivobook-Laptop-Windows-E1504FA-AS54%2Fdp%2FB0CWJB9ZC6%2Fref%3Dsr_1_28_sspa%3Fcrid%3D2VQO2RIC01X4O%26dib%3DeyJ2IjoiMSJ9.CsJHhBzeAB5WsipPOYy73hNvC7BK3PoVUtN0_yq2Z8gihpJCWo3jUbxskhkBwa-23XVxjBvG9P_aJFFHY8eAnkR9vMsL0ZBQu2PHqpQl125avDykdvqL9Woz85w3e_ejIg-oBnrgIM5Y9RNmPBcLr1slHye1LE2O6lL1p20ETWRwCY-JOBV-kCec0jdQZWNgx3qWYVlHqaGIiLpAZHDE2ktBiurm1wHSLEJ5w2OGUMs.lIg28GF80cJEY2yUp1P8ZAE5Vav0eZW-3c2RdCC1HU0%26dib_tag%3Dse%26keywords%3Dlaptop%26qid%3D1727000843%26sprefix%3Dl%252Caps%252C806%26sr%3D8-28-spons%26sp_csd%3Dd2lkZ2V0TmFtZT1zcF9tdGY%26psc%3D1
